--
-- Create database tinypro_nestjs
--

CREATE DATABASE `tinypro_nestjs` DEFAULT CHARACTER SET utf8mb4 COLLATE utf8mb4_general_ci;

------------------------------------------------------------------------------------

use tinypro_nestjs;

SET NAMES utf8mb4;
SET FOREIGN_KEY_CHECKS = 0;

START TRANSACTION;

--
-- Table structure for table `i18`
--

DROP TABLE IF EXISTS `i18`;
CREATE TABLE `i18` (
  `id` int NOT NULL AUTO_INCREMENT,
  `key` varchar(255) NOT NULL,
  `content` longtext NOT NULL,
  `langId` int DEFAULT NULL,
  PRIMARY KEY (`id`),
  KEY `FK_ee6c070b91e32eae04e541e5844` (`langId`),
  CONSTRAINT `FK_ee6c070b91e32eae04e541e5844` FOREIGN KEY (`langId`) REFERENCES `lang` (`id`)
) ENGINE=InnoDB AUTO_INCREMENT=1203 DEFAULT CHARSET=utf8mb4 COLLATE=utf8mb4_0900_ai_ci;

--
-- Dumping data for table `i18`
--

LOCK TABLES `i18` WRITE;
INSERT INTO `i18` VALUES (1,'en-US','English',1),(2,'zh-CN','中文',1),(3,'zh-TW','中国台湾',1),(4,'hello','Hello {name}',1),(5,'code','en-US',1),(6,'yes','Yes',1),(7,'no','No',1),(8,'menu.board','Dashboard Page',1),(9,'menu.home','Monitoring page',1),(10,'menu.work','workbench',1),(11,'menu.list','List',1),(12,'menu.result','Result',1),(13,'menu.exception','Exception',1),(14,'menu.form','Form',1),(15,'menu.profile','Profile',1),(16,'menu.profile.detail','Basic details page',1),(17,'menu.visualization','Data Visualization',1),(18,'menu.menuPage','Menu Page',1),(19,'menu.menuPage.second','Second Page',1),(20,'menu.menuPage.third','Menu Demo Page',1),(21,'menu.user','User Center',1),(22,'menu.systemManager','System Manager',1),(23,'menu.userManager','User Manager',1),(24,'menu.userManager.info','All User Info',1),(25,'menu.userManager.setting','All User Setting',1),(26,'menu.userManager.useradd','Add User',1),(27,'menu.permission','Permission Manager',1),(28,'menu.permission.info','All Permission Info',1),(29,'menu.permission.setting','Permission Setting',1),(30,'menu.permission.permissionAdd','Add Permission',1),(31,'menu.role','Role Manager',1),(32,'menu.role.info','All Role Info',1),(33,'menu.menu','Menu Manager',1),(34,'menu.menu.info','All Menu Info',1),(35,'navbar.docs','Docs',1),(36,'navbar.action.locale','Switch to English',1),(37,'messageBox.switchRoles','Switch Roles',1),(38,'messageBox.userCenter','User Center',1),(39,'messageBox.userSettings','User Settings',1),(40,'messageBox.logout','Logout',1),(41,'messageBox.updatePwd','Update Password',1),(42,'message.delete.success','Delete Success',1),(43,'menu.cloud','Cloud service capability',1),(44,'menu.btn.confirm','Submit',1),(45,'menu.i18n','I18n Manage',1),(46,'theme.title.main','Personalized configuration',1),(47,'theme.title.first','theme',1),(48,'theme.title.default','Default Theme',1),(49,'theme.title.honey','Honey Theme',1),(50,'theme.title.violet','Violet Theme',1),(51,'theme.title.deepness','Deep Night Sky Theme',1),(52,'theme.title.deep','Dark Theme',1),(53,'theme.title.light','Light Theme',1),(54,'theme.title.customization','Custom Themes',1),(55,'theme-title-recommend','Recommended Topics',1),(56,'theme-text-default','Science and technology, exploration, research, precision, tolerance',1),(57,'theme-text-honey','Bright, sensual, warm, positive, energetic',1),(58,'theme-text-violet','Elegant, romantic, gentle, mysterious, noble',1),(59,'theme-text-deepness','Smooth, Neutral, Space, Strength, Hard',1),(60,'theme-text-dark','Deep, decisive, brave, tenacious, yearning',1),(61,'settings.title','Settings',1),(62,'settings.themeColor','Theme Color',1),(63,'settings.content','Content Setting',1),(64,'settings.search','Search',1),(65,'settings.language','Language',1),(66,'settings.navbar','simple mode',1),(67,'settings.menuWidth','Menu Width (px)',1),(68,'settings.navbar.alerts','alerts',1),(69,'settings.navbar.help','Help Center',1),(70,'settings.menu','classic mode',1),(71,'settings.tabBar','Tab Bar',1),(72,'settings.footer','fashion mode',1),(73,'settings.colorWeek','Theme Configuration',1),(74,'settings.alertContent','After the configuration is only temporarily effective, if you want to really affect the project, click the \"Copy Settings\" button below and replace the configuration in settings.json.',1),(75,'settings.copySettings','Copy Settings',1),(76,'settings.copySettings.message','Copy succeeded, please paste to file src/settings.json.',1),(77,'settings.close','Close',1),(78,'settings.color.tooltip','10 gradient colors generated according to the theme color',1),(79,'setting.user.set','User Settings',1),(80,'setting.loginout','Logout succeeded',1),(81,'setting.copy','Copying succeeded',1),(82,'setting.input.search','Enter a keyword',1),(83,'setting.foot.title','Produced by OpenTiny',1),(84,'setting.mode.navbar','Collapse Header, Footer',1),(85,'setting.mode.menu','Collapse menu',1),(86,'setting.mode.footer','Collapse Footer',1),(87,'login.form.mode','Account and password login',1),(88,'login.form.mail','Email login',1),(89,'login.form.title','Login to Tiny Pro',1),(90,'login.form.userName.errMsg','Username cannot be empty',1),(91,'login.form.password.errMsg','Password cannot be empty',1),(92,'login.form.mailName.errMsg','The mailbox name cannot be empty',1),(93,'login.form.mailpassword.errMsg','The email password cannot be empty',1),(94,'login.form.mailpassword2.errMsg','Confirm password cannot be empty',1),(95,'login.form.login.errMsg','Login error, refresh and try again',1),(96,'login.form.login.success','welcome to use',1),(97,'login.form.userName.placeholder','Username: admin',1),(98,'login.form.password.placeholder','Password: admin',1),(99,'login.form.mailName.placeholder','EmailName：123{\'@\'}example.com',1),(100,'login.form.mailpassword.placeholder','Password：admin',1),(101,'login.form.registerMail.placeholder','Register Email：',1),(102,'login.form.registerPassword.placeholder','Registration password：',1),(103,'login.form.registerConfirmPassword.placeholder','Confirm Password：',1),(104,'login.form.rememberPassword','Remember password',1),(105,'login.form.forgetPassword','Forgot password',1),(106,'login.form.registration','Sign up',1),(107,'login.form.login','login',1),(108,'login.form.register','register',1),(109,'login.form.registerPass','The verification is successful and the registration is successful',1),(110,'login.form.registerError','Verification failed!',1),(111,'login.form.change','Sign in with',1),(112,'login.form.mailInput','Email:',1),(113,'login.form.passwordInput','Password:',1),(114,'login.form.passwordConfirm','Confirm Password:',1),(115,'login.form.checkUsername','Letters, numbers, underscores, dashes, dots{\'@\'}Letters, numbers, dashes',1),(116,'login.form.checkPassword','At least eight characters, including at least one uppercase letter, one lowercase letter, and one digit',1),(117,'login.form.confirmPassword','Inconsistent passwords',1),(118,'login.banner.slogan1','Out-of-the-box high-quality template',1),(119,'login.banner.subSlogan1','Rich page templates, covering most typical business scenarios',1),(120,'login.banner.slogan2','Built-in solutions to common problems',1),(121,'login.banner.subSlogan2','Internationalization, routing configuration, state management everything',1),(122,'login.banner.slogan3','Access visualization enhancement tool AUX',1),(123,'login.banner.subSlogan3','Realize flexible block development',1),(124,'login.icon.language','language',1),(125,'login.tip.info','User name: admin; password: admin',1),(126,'login.tip.mail','User name: admin{\'@\'}example.com; password: admin',1),(127,'login.tip.right','Enter the correct user name and password',1),(128,'login.main.text','TinyPro Mid-Back-End Front-End Solution',1),(129,'menu.list.searchTable','Search Table',1),(130,'searchTable.form.number','Set Number',1),(131,'searchTable.form.number.placeholder','Please enter Set Number',1),(132,'searchTable.form.name','Set Name',1),(133,'searchTable.form.name.placeholder','Please enter Set Name',1),(134,'searchTable.form.contentType','Content Type',1),(135,'searchTable.form.contentType.img','image-text',1),(136,'searchTable.form.contentType.horizontalVideo','Horizontal short video',1),(137,'searchTable.form.contentType.verticalVideo','Vertical short video',1),(138,'searchTable.form.filterType','Filter Type',1),(139,'searchTable.form.filterType.artificial','artificial',1),(140,'searchTable.form.filterType.rules','Rules',1),(141,'searchTable.form.createdTime','Create Date',1),(142,'searchTable.form.status','Status',1),(143,'searchTable.form.status.online','Online',1),(144,'searchTable.form.status.offline','Offline',1),(145,'searchTable.form.status.doing','Ongoing',1),(146,'searchTable.form.search','Search',1),(147,'searchTable.form.reset','Reset',1),(148,'searchTable.form.selectDefault','All',1),(149,'searchTable.operation.create','Create',1),(150,'searchTable.operation.import','Export',1),(151,'searchTable.operation.download','Download',1),(152,'searchTable.form.collapse','Collapse',1),(153,'searchTable.form.extend','Extend',1),(154,'searchTable.form.input','Please enter',1),(155,'searchTable.form.create','Creating a Topic',1),(156,'searchTable.columns.number','ID',1),(157,'searchTable.columns.name','Set Name',1),(158,'searchTable.columns.department','Department',1),(159,'searchTable.columns.filterType','Department Level',1),(160,'searchTable.columns.count','Count',1),(161,'searchTable.columns.workname','Workbench',1),(162,'searchTable.columns.enablement','Enablement',1),(163,'searchTable.columns.type','Person Type',1),(164,'searchTable.columns.study','Institute',1),(165,'searchTable.columns.role','Role',1),(166,'searchTable.columns.updatesperson','Updates Person',1),(167,'searchTable.columns.createdTime','CreatedTime',1),(168,'searchTable.columns.status','Status',1),(169,'searchTable.columns.operations','Operations',1),(170,'searchTable.columns.operations.view','View',1),(171,'searchTable.columns.operations.delete','Delete',1),(172,'searchTable.collapse.restores','restores',1),(173,'searchTable.collapse.full','Full',1),(174,'menu.form.step','Step Form',1),(175,'stepForm.button.submit','Create',1),(176,'stepForm.button.cancel','Cancel',1),(177,'stepForm.button.restore','Restores',1),(178,'stepForm.probation.day','Day',1),(179,'stepForm.coaching.process','Coaching Process',1),(180,'stepForm.start.date','Labor Contract Start Date',1),(181,'stepForm.end.date','Labor Contract End Date',1),(182,'stepForm.probation.period','Probation Period',1),(183,'stepForm.probation.start','Trial Start and End Date',1),(184,'stepForm.recruitment.type','Recruitment Type',1),(185,'stepForm.recruitment.position','Position',1),(186,'stepForm.recruitment.department','Department',1),(187,'stepForm.start.coaching','Start coaching',1),(188,'stepForm.immediate.supervisor','Enter the mentor immediate supervisor',1),(189,'stepForm.overall.goals','Set overall goals',1),(190,'stepForm.overall.summary','Submit the overall summary',1),(191,'stepForm.overall.end','End',1),(192,'stepForm.collapse.base','Coaching Basic Information',1),(193,'stepForm.collapse.supervisor','Entry Supervisor',1),(194,'stepForm.collapse.goals','Set overall goals',1),(195,'stepForm.collapse.summary','Submit the overall summary',1),(196,'stepForm.coach.position','Cultivating Positions',1),(197,'stepForm.coach.culture','Training Department',1),(198,'stepForm.coach.mentor','Mentor',1),(199,'stepForm.coach.startTime','Actual Coaching Start Date',1),(200,'stepForm.coach.endTime','Actual Coaching End Date',1),(201,'stepForm.dire.supervisor','Mentor Supervisor',1),(202,'stepForm.dire.remarks','Mentor Information Remarks',1),(203,'stepForm.dire.startTime','Start Coaching Date',1),(204,'stepForm.dire.endTime','Coaching End Date',1),(205,'stepForm.target.list','Target List',1),(206,'stepForm.target.sure','Set goals',1),(207,'stepForm.sum.self','Self-summarization',1),(208,'stepForm.error.target','At least one item exists on the right',1),(209,'stepForm.head.admin','User name',1),(210,'menu.form.base','Base Form',1),(211,'baseForm.form.label.no','no',1),(212,'baseForm.form.label.yes','yes',1),(213,'baseForm.form.label.placeholder','Please select',1),(214,'baseForm.form.label.frequencyone','By Month',1),(215,'baseForm.form.label.frequencytwo','By Week',1),(216,'baseForm.form.label.frequencythree','By biweekly',1),(217,'baseForm.form.label.frequencyfour','By Quarter',1),(218,'baseForm.form.label.personone','Local employees',1),(219,'baseForm.form.label.persontwo','Non-Employee',1),(220,'baseForm.form.label.personthree','Chinese employees',1),(221,'baseForm.form.label.projectone','Training for new employees of the manufacturing department',1),(222,'baseForm.form.label.projecttwo','On-boarding coaching for new employees',1),(223,'baseForm.form.label.projectthree','UI Automation Test Coaching Project',1),(224,'baseForm.form.label.people','Applicable Populations',1),(225,'baseForm.form.label.rank','Job Level',1),(226,'baseForm.form.label.type','Project Type',1),(227,'baseForm.form.label.business','Service attribute',1),(228,'baseForm.form.label.Objectives','Overall objective',1),(229,'baseForm.form.label.culture','Training Department',1),(230,'baseForm.form.label.develop','develop',1),(231,'baseForm.form.label.developone','Trainees',1),(232,'baseForm.form.label.developtwo','Mentor',1),(233,'baseForm.form.label.effective','Effective Condition',1),(234,'baseForm.form.label.effectiveone','Effective without approval',1),(235,'baseForm.form.label.effectivetwo','Mentor Approval',1),(236,'baseForm.form.label.effectivethree','Immediate supervisor approval',1),(237,'baseForm.form.label.effectivefour','Mentors and immediate supervisors approve the application',1),(238,'baseForm.form.label.plan','Phase Plan',1),(239,'baseForm.form.label.confirm','Whether to develop',1),(240,'baseForm.form.label.frequency','Formulation frequency',1),(241,'baseForm.form.label.role','Goal Setting Role',1),(242,'baseForm.form.label.roleone','Trainees',1),(243,'baseForm.form.label.roletwo','Mentor',1),(244,'baseForm.form.label.condition','Target Effective Condition',1),(245,'baseForm.form.label.conditionone','Effective without approval',1),(246,'baseForm.form.label.conditiontwo','Mentor Approval',1),(247,'baseForm.form.label.conditionthree','Immediate supervisor approval',1),(248,'baseForm.form.label.conditionfour','Mentors and immediate supervisors approve the application',1),(249,'baseForm.form.label.staged','Phase Evaluation',1),(250,'baseForm.form.label.stagedone','Only mentor evaluation is required',1),(251,'baseForm.form.label.stagedtwo','Only immediate supervisor evaluation is required',1),(252,'baseForm.form.label.stagedthree','Need to be evaluated by the mentor and immediate supervisor',1),(253,'baseForm.form.label.wholeconfirm','Whether to develop',1),(254,'baseForm.form.label.evaluation','Overall evaluation',1),(255,'baseForm.form.label.evaluationyes','Mentors and immediate supervisors are required for evaluation',1),(256,'baseForm.form.label.evaluationno','No mentor is required, and the immediate supervisor evaluates it',1),(257,'baseForm.form.label.mentortitle','Mentor Selection',1),(258,'baseForm.form.label.mentortip','Only mentors with valid qualifications can be selected from the mentor resource pool. If you do not select a mentor from the mentor resource pool, the basic qualifications of the mentor will not be verified',1),(259,'baseForm.form.label.mentor','Select Mentor Only from Mentor Resource Pool',1),(260,'baseForm.form.label.remindertitle','Reminder of coaching communication records',1),(261,'baseForm.form.label.reminder','Require Reminder',1),(262,'baseForm.form.submit','Submit',1),(263,'baseForm.form.submit.success','Form submitted successfully',1),(264,'baseForm.form.cancel','Cancel',1),(265,'baseForm.form.submit.error','Please complete the required items first',1),(266,'baseForm.form.record','Version Record',1),(267,'baseForm.form.project','Project Type',1),(268,'baseForm.form.get.error','Failed to obtain data',1),(269,'menu.result.success','Success',1),(270,'success.result.title','The submission result page displays the processing results of a series of operation tasks.',1),(271,'menu.result.messageSuccess','The coaching process is submitted successfully',1),(272,'menu.btn.submit','Start',1),(273,'menu.btn.cancel','Cancel',1),(274,'menu.line.process','Current progress',1),(275,'menu.result.messageEnd','The coaching process has been submitted',1),(276,'menu.result.error','Error',1),(277,'error.result.title','The submission result page displays the processing results of a series of operation tasks',1),(278,'menu.result.messageError','Failed to submit the coaching process',1),(279,'error.result.home','Back',1),(280,'menu.exception.403','403',1),(281,'exception.result.403.description','Access to this resource on the server is denied.',1),(282,'exception.result.403.back','Back',1),(283,'exception.result.permissions.403','Contact the administrator to apply for the permission.。',1),(284,'menu.exception.404','404',1),(285,'exception.result.404.description','Whoops, this page is gone.',1),(286,'exception.result.404.retry','Retry',1),(287,'exception.result.404.back','Back',1),(288,'exception.result.permissions.404','Check the network connection and try to refresh the page.',1),(289,'menu.exception.500','500',1),(290,'exception.result.500.description','Internal server error',1),(291,'exception.result.500.back','Back',1),(292,'exception.result.permissions.500','Check the network connection and try to refresh the page.',1),(293,'menu.user.info','User Center',1),(294,'userInfo.tab.one','My plan',1),(295,'userInfo.tab.two','My mission',1),(296,'userInfo.filter.sort','Sort by Time',1),(297,'userInfo.filter.startTime','Start Date',1),(298,'userInfo.filter.endTime','End Date',1),(299,'userInfo.end.positiveOrder','By end time in positive order',1),(300,'userInfo.end.reverseOrder','In reverse order by end time',1),(301,'userInfo.start.positiveOrder','Start time in positive order',1),(302,'userInfo.start.reverseOrder','Start time in reverse order',1),(303,'userInfo.btn.search','Search',1),(304,'userInfo.btn.reset','Reset',1),(305,'userInfo.status.status','Status',1),(306,'userInfo.status.optionA','Completed',1),(307,'userInfo.status.optionB','Overdue',1),(308,'userInfo.status.optionC','About to expire',1),(309,'userInfo.status.optionD','Unfinished',1),(310,'userInfo.type.type','Type',1),(311,'userInfo.type.optionA','Organizational arrangements',1),(312,'userInfo.type.optionB','Phase Plan',1),(313,'userInfo.type.optionC','autonomous learning',1),(314,'userInfo.table.columnA','Program Name',1),(315,'userInfo.table.columnB','Completion Time',1),(316,'userInfo.table.columnC','Status',1),(317,'userInfo.table.columnD','Type',1),(318,'userInfo.week.1','2 weeks onboarding',1),(319,'userInfo.month.1','1 month onboarding',1),(320,'userInfo.month.2','2 month onboarding',1),(321,'userInfo.month.3','3 month onboarding',1),(322,'userInfo.month.4','4 month onboarding',1),(323,'userInfo.month.5','5 month onboarding',1),(324,'userInfo.month.6','6 month onboarding',1),(325,'userInfo.month.7','7 month onboarding',1),(326,'userInfo.month.8','8 month onboarding',1),(327,'userInfo.month.9','9 month onboarding',1),(328,'userInfo.month.10','10 month onboarding',1),(329,'userInfo.month.11','11 month onboarding',1),(330,'userInfo.month.12','12 month onboarding',1),(331,'userInfo.month.13','13 month onboarding',1),(332,'userInfo.month.14','14 month onboarding',1),(333,'userInfo.month.15','15 month onboarding',1),(334,'userInfo.month.16','16 month onboarding',1),(335,'userInfo.month.17','17 month onboarding',1),(336,'userInfo.time.message','The end time is earlier than the start time',1),(337,'userInfo.filter.all','Please complete all current filters',1),(338,'menu.user.setting','User Setting',1),(339,'userSetting.cancel','Cancel',1),(340,'userSetting.reset','Reset',1),(341,'userSetting.department','Department:',1),(342,'userSetting.position','Position:',1),(343,'userSetting.type','Recruitment Type:',1),(344,'userSetting.date','Trial Start and End Date:',1),(345,'userSetting.during','Probation Period:',1),(346,'userSetting.startTime','Labor Contract Start Date:',1),(347,'userSetting.endTime','Labor Contract End Date:',1),(348,'userSetting.first','Start Time',1),(349,'userSetting.last','End Time',1),(350,'menu.plan.department','Training Department',1),(351,'menu.plan.resource','Human Resource Mgmt Dept',1),(352,'menu.plan.job','Job Level',1),(353,'menu.plan.person','Person Type',1),(354,'menu.plan.attribute','Service attribute',1),(355,'menu.plan.develop','Whether to develop',1),(356,'menu.plan.yes','yes',1),(357,'menu.plan.no','no',1),(358,'menu.plan.role','Develop Roles',1),(359,'menu.plan.mentor','Mentor',1),(360,'menu.plan.condition','Effective Condition',1),(361,'menu.plan.approval','Immediate supervisor approval',1),(362,'menu.plan.frequency','Formulation frequency',1),(363,'menu.plan.month','By Month',1),(364,'menu.plan.goal','Goal Setting Role',1),(365,'menu.plan.trainees','Trainees',1),(366,'menu.plan.teacher','Mentor Approval',1),(367,'menu.plan.phase','Phase Evaluation',1),(368,'menu.plan.evaluation','Need to be evaluated by mentors and immediate supervisors',1),(369,'menu.plan.whole','Overall evaluation',1),(370,'menu.plan.pool','Select Mentor Only from Mentor Resource Pool',1),(371,'menu.plan.time','Update Time',1),(372,'menu.plan.version','Version number',1),(373,'menu.plan.operation','Operation',1),(374,'menu.plan.updated','Updated by',1),(375,'work.mock.employees','Transferred employees',1),(376,'work.mock.onboard','New employee onboarding',1),(377,'work.mock.Test','Test coaching',1),(378,'work.mock.week1','Zero promotion practice (1 weeks)',1),(379,'work.mock.week2','Zero promotion practice (2 weeks)',1),(380,'work.mock.week3','Zero promotion practice (3 weeks)',1),(381,'work.mock.network','Network Reality',1),(382,'work.mock.centralized','Centralized training for new employees',1),(383,'work.mock.hardware','Hardware Installation Practice',1),(384,'work.index.learn','Learning Planning',1),(385,'work.index.coach','Learning coaching',1),(386,'work.index.formalization','Learning Formalization',1),(387,'work.index.practiced','Learning practiced',1),(388,'work.index.train','Centralized training',1),(389,'work.index.Inquiry','Life little helper',1),(390,'work.index.Home','New Employee Home',1),(391,'work.index.Guide','Operation Guide',1),(392,'work.index.plans','Number of plans',1),(393,'work.index.Unfinished','Unfinished',1),(394,'work.index.beOverdue','To Be Overdue',1),(395,'work.index.Overdue','Overdue',1),(396,'work.index.trainees','Number of trainees to start coaching',1),(397,'work.index.coachNum','Number of trainees in coaching',1),(398,'work.index.allocated','Number of trainees to be allocated',1),(399,'work.index.start','Number of trainees to start practice',1),(400,'work.index.practice','Number of trainees in practice',1),(401,'work.index.unpark','Waiting for Start-up to Form',1),(402,'work.index.entered','Evaluation result to be entered',1),(403,'work.index.approved','Evaluation result to be approved',1),(404,'work.index.put','Number of trainees in practice',1),(405,'work.index.assign','Number of trainees to be allocated',1),(406,'work.index.prepare','Prepare for class opening',1),(407,'work.index.open','Open a middle class',1),(408,'work.index.classes','Number of classes to be accepted',1),(409,'work.index.policy','policy',1),(410,'work.index.Period','Probation Period and Development Policy Process for New Employees',1),(411,'work.index.Hotline','Hotline',1),(412,'work.index.service','All kinds of practical hotline service',1),(413,'work.index.Attendance','Attendance',1),(414,'work.index.FAQs','Attendance System and FAQs',1),(415,'work.index.Payroll','Payroll',1),(416,'work.index.Tax','Payroll Tax Q&A',1),(417,'work.index.Brave','Brave New World Landing Program',1),(418,'work.index.Growth','100-day Growth Guide for New Employees',1),(419,'work.index.Termbase','Termbase',1),(420,'work.index.lingo','The latest and hottest terms to help you understand the lingo',1),(421,'work.index.Library','Document Library and Community',1),(422,'work.index.domain','Knowledge document library of the business domain',1),(423,'work.index.platform','Online learning platform',1),(424,'work.index.learning','Online learning',1),(425,'work.index.Operation','New Employee Home Operation Guide',1),(426,'work.index.Numbers','Number',1),(427,'work.index.Person','Person',1),(428,'work.index.net','Net',1),(429,'work.index.netonline','Online consultation',1),(430,'home.main.one','first screen',1),(431,'home.main.up','Page Onload',1),(432,'home.main.down','Sampling PV',1),(433,'home.main.day','yesterday',1),(434,'home.curve.trend','Performance Trends',1),(435,'home.curve.play','Visible on the first screen',1),(436,'home.curve.page','Page Onload',1),(437,'home.falls.line','Load Waterfall Flow',1),(438,'home.falls.tcp','TCP Link',1),(439,'home.falls.ssl','SSL Link',1),(440,'home.round.title','Network speed distribution',1),(441,'home.round.unknow','Unknown',1),(442,'home.roundtable.index','index',1),(443,'home.roundtable.space','Network speed',1),(444,'home.roundtable.pv','Sampling PV (percentage)',1),(445,'home.roundtable.play','Visible on the first screen',1),(446,'home.roundtable.page','Page Onload',1),(447,'home.region.title','Geographical distribution',1),(448,'menu.cloud.hello','Hello World',1),(449,'menu.cloud.contracts','Contract Management',1),(450,'menu.cloud.create','Create Contract',1),(451,'menu.cloud.edit','Edit Contract',1),(452,'menu.cloud.del','Delete Contract',1),(453,'menu.cloud.name','Project Name',1),(454,'menu.cloud.id','Contract No',1),(455,'menu.cloud.customer','Customer Name',1),(456,'menu.cloud.description','Description',1),(457,'menu.cloud.updatedAt','Creation Time',1),(458,'menu.cloud.editOpa','Edits',1),(459,'menu.cloud.editDel','Delete',1),(460,'menu.cloud.registerErro','The project name does not meet the verification rules',1),(461,'menu.cloud.sure','OK',1),(462,'menu.cloud.cancel','Cancel',1),(463,'menu.cloud.tip','The value can contain 3 to 255 characters, including Chinese characters, digits, hyphens (-), underscores (_), dots (.), slashes (/), parentheses (:) and colons (:) in Chinese and English formats, and periods (). The value can start with only English, Chinese characters, and digits.',1),(464,'menu.cloud.askDel','Are you sure you want to delete the following',1),(465,'menu.cloud.askContracts','Contract',1),(466,'menu.cloud.askInput','Input',1),(467,'menu.cloud.askSure','confirm',1),(468,'menu.cloud.verification','Verification failed',1),(469,'menu.cloud.editpass','If the verification is successful, the modification is successful',1),(470,'menu.cloud.delpass','Deleted successfully',1),(471,'menu.contracts.name','The contract name is:',1),(472,'http.error.TokenExpire','Login expired, please log in again',1),(473,'http.error.UserNotFound','user does not exist',1),(474,'http.error.UserAlreadyExist','User already exists',1),(475,'http.error.InvalidParameter','Invalid request parameter',1),(476,'http.error.InternalError','Internal error',1),(477,'http.error.ErrorPassword','Account or password error',1),(478,'menu.allUser.info','All User Info',1),(479,'userInfo.table.id','ID',1),(480,'userInfo.table.name','Name',1),(481,'userInfo.table.email','Email',1),(482,'userInfo.table.department','Department',1),(483,'userInfo.table.employeeType','EmployeeType',1),(484,'userInfo.table.job','Job',1),(485,'userInfo.table.probation','Probation',1),(486,'userInfo.table.probationStart','ProbationStart',1),(487,'userInfo.table.probationEnd','ProbationEnd',1),(488,'userInfo.table.probationDuration','ProbationDuration',1),(489,'userInfo.table.protocol','Protocol',1),(490,'userInfo.table.protocolStart','ProtocolStart',1),(491,'userInfo.table.protocolEnd','ProtocolEnd',1),(492,'userInfo.table.address','Address',1),(493,'userInfo.table.status','Status',1),(494,'userInfo.table.createTime','CreateTime',1),(495,'userInfo.table.updateTime','UpdateTime',1),(496,'userInfo.table.operations','Operation',1),(497,'userInfo.table.operations.update','Update',1),(498,'userInfo.table.operations.delete','Delete',1),(499,'userInfo.table.operations.pwdUpdate','Password',1),(500,'userInfo.day','Day',1),(501,'userInfo.modal.title.pwdUpdate','Update Password',1),(502,'userInfo.modal.input.oldPassword','Old Password',1),(503,'userInfo.modal.input.newPassword','New Password',1),(504,'userInfo.modal.input.confirmNewPassword','Confirm New Password',1),(505,'userInfo.modal.message.error','Confirm New Password Error',1),(506,'userInfo.modal.message.notNull','Password Is Not Null',1),(507,'menu.allUser.setting','User Setting',1),(508,'userSetting.name','UserName',1),(509,'userSetting.address','Address',1),(510,'userSetting.status','Status',1),(511,'userInfo.modal.title.add','Add User',1),(512,'userInfo.modal.title.update','Update User',1),(513,'menu.allUser.useradd','User Add',1),(514,'userAdd.cancel','Cancel',1),(515,'userAdd.save','Save',1),(516,'userAdd.email','Email',1),(517,'userAdd.password','Password',1),(518,'userAdd.department','Department:',1),(519,'userAdd.position','Position:',1),(520,'userAdd.type','Recruitment Type:',1),(521,'userAdd.date','Trial Start and End Date:',1),(522,'userAdd.during','Probation Period:',1),(523,'userAdd.startTime','Labor Contract Start Date:',1),(524,'userAdd.endTime','Labor Contract End Date:',1),(525,'userAdd.first','Start Time',1),(526,'userAdd.last','End Time',1),(527,'userAdd.name','UserName',1),(528,'userAdd.address','Address',1),(529,'userAdd.status','Status',1),(530,'menu.allPermission.info','Permission',1),(531,'permissionInfo.table.id','ID',1),(532,'permissionInfo.table.name','Name',1),(533,'permissionInfo.table.desc','Description',1),(534,'permissionInfo.table.operations','Operation',1),(535,'permissionInfo.table.operations.update','Update',1),(536,'permissionInfo.table.operations.delete','Delete',1),(537,'permissionInfo.modal.title.update','Update Permission',1),(538,'permissionInfo.modal.title.add','Add Permission',1),(539,'permissionInfo.modal.input.permission','Description',1),(540,'permissionInfo.modal.input.name','Name',1),(541,'permissionInfo.modal.input.id','ID',1),(542,'permissionInfo.modal.message.error','Error',1),(543,'permissionInfo.modal.message.notNull','Not Null',1),(544,'menu.allRole.info','All Role Info',1),(545,'roleInfo.table.id','ID',1),(546,'roleInfo.table.name','Name',1),(547,'roleInfo.table.desc','Description',1),(548,'roleInfo.table.menu','Menu',1),(549,'roleInfo.table.operations','Operation',1),(550,'roleInfo.table.operations.update','Update',1),(551,'roleInfo.table.operations.delete','Delete',1),(552,'roleInfo.modal.title.update','Update Role',1),(553,'roleInfo.modal.title.add','Add Role',1),(554,'roleInfo.modal.input.id','ID',1),(555,'roleInfo.modal.input.name','Name',1),(556,'roleInfo.modal.input.desc','Permission',1),(557,'roleInfo.modal.input.menu','Menu',1),(558,'roleInfo.modal.message.error','Error',1),(559,'roleInfo.modal.message.notNull','Not Null',1),(560,'roleInfo.permissionTable.id','ID',1),(561,'roleInfo.permissionTable.name','Name',1),(562,'roleInfo.permissionTable.desc','Description',1),(563,'roleInfo.menuUpdate.confirm','Confirm',1),(564,'roleInfo.menuUpdate.cancel','Cancel',1),(565,'roleInfo.table.bind','Bind Directory',1),(566,'menu.allMenu.info','All Menu Info',1),(567,'menuInfo.table.id','ID',1),(568,'menuInfo.table.name','Name',1),(569,'menuInfo.table.order','Order',1),(570,'menuInfo.table.parentId','ParentID',1),(571,'menuInfo.table.menuType','MenuType',1),(572,'menuInfo.table.icon','Icon',1),(573,'menuInfo.table.component','Component',1),(574,'menuInfo.table.path','Path',1),(575,'menuInfo.table.locale','Locale',1),(576,'menuInfo.table.operations','Operation',1),(577,'menuInfo.table.operations.info','Detail',1),(578,'menuInfo.table.operations.update','Update',1),(579,'menuInfo.table.operations.delete','Delete',1),(580,'menuInfo.modal.title.info','Menu Detail',1),(581,'menuInfo.modal.title.update','Update Menu',1),(582,'menuInfo.modal.title.add','Add Menu',1),(583,'menuInfo.modal.message.error','ParentId is not as same as id',1),(584,'menuInfo.modal.message.notNull','Not Null',1),(585,'menuInfo.modal.tips.upd-id','Before modifying the menu ID, please ensure that the front-end engineer is aware of this matter!',1),(586,'menu.add.demo','Menu Demo Page',1),(587,'exception.result.demo.description','This is a new menu demo page!',1),(588,'locale.add.btn','Add Record',1),(589,'locale.add.title','Add Record',1),(590,'locale.add.key','Key',1),(591,'locale.add.content','Content',1),(592,'locale.add.lang','Language',1),(593,'lang.add.title','Name',1),(594,'lang.add.btn','Confirm',1),(595,'lang.manage.btn','Mange Language',1),(596,'locale.add.lang.btn','Add Language',1),(597,'lang.manage.title','Mange Language',1),(598,'lang.manage.remove','Remove',1),(599,'locale.remove','Remove',1),(600,'component.error','Component Error',1),(601,'component.error.contact','Please contact the administrator or log in again',1),(602,'en-US','English',2),(603,'zh-CN','中文',2),(604,'zh-TW','中国台湾',2),(605,'hello','你好 {name}',2),(606,'code','zh-CN',2),(607,'yes','是',2),(608,'no','否',2),(609,'menu.board','看板',2),(610,'menu.home','监控页',2),(611,'menu.work','工作台',2),(612,'menu.list','列表页',2),(613,'menu.result','结果页',2),(614,'menu.exception','异常页',2),(615,'menu.form','表单页',2),(616,'menu.profile','详情页',2),(617,'menu.profile.detail','基础详情页',2),(618,'menu.visualization','数据可视化',2),(619,'menu.menuPage','菜单页',2),(620,'menu.menuPage.second','二级菜单',2),(621,'menu.menuPage.third','菜单demo页',2),(622,'menu.user','个人中心',2),(623,'menu.systemManager','系统管理',2),(624,'menu.userManager','用户管理',2),(625,'menu.userManager.info','查看用户',2),(626,'menu.userManager.setting','修改信息',2),(627,'menu.userManager.useradd','添加用户',2),(628,'menu.permission','权限管理',2),(629,'menu.permission.info','查看权限',2),(630,'menu.permission.setting','修改权限',2),(631,'menu.permission.permissionAdd','添加权限',2),(632,'menu.role','角色管理',2),(633,'menu.role.info','查看角色',2),(634,'menu.menu','菜单管理',2),(635,'menu.menu.info','查看菜单',2),(636,'navbar.docs','文档中心',2),(637,'navbar.action.locale','切换为中文',2),(638,'messageBox.switchRoles','切换角色',2),(639,'messageBox.userCenter','用户中心',2),(640,'messageBox.userSettings','用户设置',2),(641,'messageBox.logout','退出登录',2),(642,'messageBox.updatePwd','修改密码',2),(643,'message.delete.success','删除成功',2),(644,'menu.cloud','云服务能力展示',2),(645,'menu.btn.confirm','确认',2),(646,'menu.i18n','国际化管理',2),(647,'theme.title.main','个性化配置',2),(648,'theme.title.first','主题',2),(649,'theme.title.default','默认主题',2),(650,'theme.title.honey','蜜糖主题',2),(651,'theme.title.violet','紫罗兰主题',2),(652,'theme.title.deepness','深邃夜空主题',2),(653,'theme.title.deep','深色主题',2),(654,'theme.title.light','浅色主题',2),(655,'theme.title.customization','自定义主题',2),(656,'theme-title-recommend','推荐主题',2),(657,'theme-text-default','科技、探索、钻研、精尖、包容',2),(658,'theme-text-honey','明快、感性、温暖、积极、活力',2),(659,'theme-text-violet','优雅、浪漫、温柔、神秘、高贵',2),(660,'theme-text-deepness','平稳、中性、空间、力量、坚硬',2),(661,'theme-text-dark','深沉、果断、勇敢、坚韧、向往',2),(662,'settings.title','页面配置',2),(663,'settings.themeColor','主题色',2),(664,'settings.content','内容区域',2),(665,'settings.search','搜索',2),(666,'settings.language','语言',2),(667,'settings.navbar','简约模式',2),(668,'settings.menuWidth','菜单宽度 (px)',2),(669,'settings.navbar.alerts','消息通知',2),(670,'settings.navbar.help','帮助中心',2),(671,'settings.menu','经典模式',2),(672,'settings.tabBar','多页签',2),(673,'settings.footer','时尚模式',2),(674,'settings.colorWeek','主题配置',2),(675,'settings.alertContent','配置之后仅是临时生效，要想真正作用于项目，点击下方的 \"复制配置\" 按钮，将配置替换到 settings.json 中即可。',2),(676,'settings.copySettings','复制配置',2),(677,'settings.copySettings.message','复制成功，请粘贴到 src/settings.json 文件中',2),(678,'settings.close','关闭',2),(679,'settings.color.tooltip','根据主题颜色生成的 10 个梯度色（将配置复制到项目中，主题色才能对亮色 / 暗黑模式同时生效）',2),(680,'setting.user.set','用户设置',2),(681,'setting.loginout','登出成功',2),(682,'setting.copy','复制成功',2),(683,'setting.input.search','请输入关键词',2),(684,'setting.foot.title','OpenTiny 出品',2),(685,'setting.mode.navbar','收起页头，页尾',2),(686,'setting.mode.menu','收起菜单',2),(687,'setting.mode.footer','收起页脚',2),(688,'login.form.mode','账号密码登录',2),(689,'login.form.mail','邮箱登录',2),(690,'login.form.title','登录 Tiny Pro',2),(691,'login.form.userName.errMsg','用户名不能为空',2),(692,'login.form.password.errMsg','密码不能为空',2),(693,'login.form.mailName.errMsg','邮箱名不能为空',2),(694,'login.form.mailpassword.errMsg','邮箱密码不能为空',2),(695,'login.form.mailpassword2.errMsg','确认密码不能为空',2),(696,'login.form.login.errMsg','登录出错，轻刷新重试',2),(697,'login.form.login.success','欢迎使用',2),(698,'login.form.userName.placeholder','用户名：admin',2),(699,'login.form.password.placeholder','密码：admin',2),(700,'login.form.mailName.placeholder','邮箱名：123{\'@\'}example.com',2),(701,'login.form.mailpassword.placeholder','密码：admin',2),(702,'login.form.registerMail.placeholder','注册邮箱：',2),(703,'login.form.registerPassword.placeholder','注册密码：',2),(704,'login.form.registerConfirmPassword.placeholder','确认密码：',2),(705,'login.form.rememberPassword','记住密码',2),(706,'login.form.forgetPassword','忘记密码',2),(707,'login.form.registration','注册账户',2),(708,'login.form.login','登录',2),(709,'login.form.register','注册',2),(710,'login.form.registerPass','校验通过，注册成功',2),(711,'login.form.registerError','校验不通过!',2),(712,'login.form.change','使用已有账户登录',2),(713,'login.form.mailInput','邮箱:',2),(714,'login.form.passwordInput','密码:',2),(715,'login.form.passwordConfirm','确认密码:',2),(716,'login.form.checkUsername','字母、数字、下划线、短线、点号{\'@\'}字母、数字、短线',2),(717,'login.form.checkPassword','最少八个字符，至少包含一个大写字母，一个小写字母和一个数字',2),(718,'login.form.confirmPassword','密码输入不一致',2),(719,'login.banner.slogan1','开箱即用的高质量模板',2),(720,'login.banner.subSlogan1','丰富的的页面模板，覆盖大多数典型业务场景',2),(721,'login.banner.slogan2','内置了常见问题的解决方案',2),(722,'login.banner.subSlogan2','国际化，路由配置，状态管理应有尽有',2),(723,'login.banner.slogan3','接入可视化增强工具AUX',2),(724,'login.banner.subSlogan3','实现灵活的区块式开发',2),(725,'login.icon.language','语言',2),(726,'login.tip.info','用户名：admin，密码 admin',2),(727,'login.tip.mail','用户名：admin{\'@\'}no-reply.com，密码 admin',2),(728,'login.tip.right','请输入正确的用户名密码',2),(729,'login.main.text','TinyPro 中后台前端解决方案',2),(730,'menu.list.searchTable','查询表格',2),(731,'searchTable.form.number','集合编号',2),(732,'searchTable.form.number.placeholder','请输入集合编号',2),(733,'searchTable.form.name','集合名称',2),(734,'searchTable.form.name.placeholder','请输入集合名称',2),(735,'searchTable.form.contentType','内容体裁',2),(736,'searchTable.form.contentType.img','图文',2),(737,'searchTable.form.contentType.horizontalVideo','横版短视频',2),(738,'searchTable.form.contentType.verticalVideo','竖版小视频',2),(739,'searchTable.form.filterType','筛选方式',2),(740,'searchTable.form.filterType.artificial','人工筛选',2),(741,'searchTable.form.filterType.rules','规则筛选',2),(742,'searchTable.form.createdTime','创建时间',2),(743,'searchTable.form.status','状态',2),(744,'searchTable.form.status.online','已上线',2),(745,'searchTable.form.status.offline','已下线',2),(746,'searchTable.form.status.doing','进行中',2),(747,'searchTable.form.search','查询',2),(748,'searchTable.form.reset','重置',2),(749,'searchTable.form.selectDefault','全部',2),(750,'searchTable.operation.create','新建',2),(751,'searchTable.operation.import','批量导出',2),(752,'searchTable.operation.download','下载',2),(753,'searchTable.form.collapse','收起',2),(754,'searchTable.form.extend','展开',2),(755,'searchTable.form.input','请输入',2),(756,'searchTable.form.create','创建主题',2),(757,'searchTable.columns.number','工号',2),(758,'searchTable.columns.name','姓名',2),(759,'searchTable.columns.department','部门',2),(760,'searchTable.columns.filterType','部门层级',2),(761,'searchTable.columns.count','内容量',2),(762,'searchTable.columns.workname','工作台名称',2),(763,'searchTable.columns.enablement','赋能项目',2),(764,'searchTable.columns.type','人员类型',2),(765,'searchTable.columns.study','研究所',2),(766,'searchTable.columns.role','角色',2),(767,'searchTable.columns.updatesperson','最后更新人',2),(768,'searchTable.columns.createdTime','创建时间',2),(769,'searchTable.columns.status','状态',2),(770,'searchTable.columns.operations','操作',2),(771,'searchTable.columns.operations.view','查看',2),(772,'searchTable.columns.operations.delete','删除',2),(773,'searchTable.collapse.restores','还原',2),(774,'searchTable.collapse.full','全屏',2),(775,'menu.form.step','分步表单',2),(776,'stepForm.button.submit','创建',2),(777,'stepForm.button.cancel','取消',2),(778,'stepForm.button.restore','重置',2),(779,'stepForm.probation.day','天',2),(780,'stepForm.coaching.process','辅导流程',2),(781,'stepForm.start.date','劳动合同开始日期',2),(782,'stepForm.end.date','劳动合同结束日期',2),(783,'stepForm.probation.period','试用期时长',2),(784,'stepForm.probation.start','试用起止日期',2),(785,'stepForm.recruitment.type','招聘类型',2),(786,'stepForm.recruitment.position','职位',2),(787,'stepForm.recruitment.department','所属部门',2),(788,'stepForm.start.coaching','启动辅导',2),(789,'stepForm.immediate.supervisor','录入主管',2),(790,'stepForm.overall.goals','制定整体目标',2),(791,'stepForm.overall.summary','提交整体总结',2),(792,'stepForm.overall.end','结束',2),(793,'stepForm.collapse.base','辅导基本信息',2),(794,'stepForm.collapse.supervisor','录入主管',2),(795,'stepForm.collapse.goals','制定整体目标',2),(796,'stepForm.collapse.summary','提交整体总结',2),(797,'stepForm.coach.position','培养职位',2),(798,'stepForm.coach.culture','培养部门',2),(799,'stepForm.coach.mentor','导师',2),(800,'stepForm.coach.startTime','实际辅导开始日期',2),(801,'stepForm.coach.endTime','实际辅导结束日期',2),(802,'stepForm.dire.supervisor','导师主管',2),(803,'stepForm.dire.remarks','导师信息备注',2),(804,'stepForm.dire.startTime','开始辅导日期',2),(805,'stepForm.dire.endTime','结束辅导日期',2),(806,'stepForm.target.list','目标列表',2),(807,'stepForm.target.sure','确立目标',2),(808,'stepForm.sum.self','自我总结',2),(809,'stepForm.error.target','右侧至少存在一项',2),(810,'stepForm.head.admin','用户名',2),(811,'menu.form.base','基础表单',2),(812,'baseForm.form.label.no','否',2),(813,'baseForm.form.label.yes','是',2),(814,'baseForm.form.label.placeholder','请选择',2),(815,'baseForm.form.label.frequencyone','按月',2),(816,'baseForm.form.label.frequencytwo','按周',2),(817,'baseForm.form.label.frequencythree','按双周',2),(818,'baseForm.form.label.frequencyfour','按季度',2),(819,'baseForm.form.label.personone','本地员工',2),(820,'baseForm.form.label.persontwo','非雇员',2),(821,'baseForm.form.label.personthree','中方员工',2),(822,'baseForm.form.label.projectone','制造部新员工培训',2),(823,'baseForm.form.label.projecttwo','公司新员工上岗辅导',2),(824,'baseForm.form.label.projectthree','UI自动化测试辅导项目',2),(825,'baseForm.form.label.people','适用人群',2),(826,'baseForm.form.label.rank','职级',2),(827,'baseForm.form.label.type','项目类型',2),(828,'baseForm.form.label.business','业务属性',2),(829,'baseForm.form.label.Objectives','整体目标',2),(830,'baseForm.form.label.culture','培养部门',2),(831,'baseForm.form.label.develop','制定',2),(832,'baseForm.form.label.developone','学员',2),(833,'baseForm.form.label.developtwo','导师',2),(834,'baseForm.form.label.effective','生效条件',2),(835,'baseForm.form.label.effectiveone','无需审批直接生效',2),(836,'baseForm.form.label.effectivetwo','导师审批',2),(837,'baseForm.form.label.effectivethree','直接主管审批',2),(838,'baseForm.form.label.effectivefour','导师,直接主管审批',2),(839,'baseForm.form.label.plan','阶段计划',2),(840,'baseForm.form.label.confirm','是否需制定',2),(841,'baseForm.form.label.frequency','制定频次',2),(842,'baseForm.form.label.role','目标制定角色',2),(843,'baseForm.form.label.roleone','学员',2),(844,'baseForm.form.label.roletwo','导师',2),(845,'baseForm.form.label.condition','目标生效条件',2),(846,'baseForm.form.label.conditionone','无需审批直接生效',2),(847,'baseForm.form.label.conditiontwo','导师审批',2),(848,'baseForm.form.label.conditionthree','直接主管审批',2),(849,'baseForm.form.label.conditionfour','导师,直接主管审批',2),(850,'baseForm.form.label.staged','阶段评价',2),(851,'baseForm.form.label.stagedone','仅需导师评价',2),(852,'baseForm.form.label.stagedtwo','仅需直接主管评价',2),(853,'baseForm.form.label.stagedthree','需导师,直接主管评价',2),(854,'baseForm.form.label.wholeconfirm','是否需制定',2),(855,'baseForm.form.label.evaluation','整体评价',2),(856,'baseForm.form.label.evaluationyes','需要导师,直接主管评价',2),(857,'baseForm.form.label.evaluationno','不需要导师,直接主管评价',2),(858,'baseForm.form.label.mentortitle','导师选择',2),(859,'baseForm.form.label.mentortip','从导师资源池只能选择导师资格有效的导师，如不从导师资源池选择则不对导师做导师基础资质校验。',2),(860,'baseForm.form.label.mentor','是否仅从导师资源池选择导师',2),(861,'baseForm.form.label.remindertitle','辅导沟通记录提醒',2),(862,'baseForm.form.label.reminder','是否需要提醒',2),(863,'baseForm.form.submit','提交',2),(864,'baseForm.form.submit.success','表单提交成功',2),(865,'baseForm.form.cancel','取消',2),(866,'baseForm.form.submit.error','请先完成必填项',2),(867,'baseForm.form.record','版本记录',2),(868,'baseForm.form.project','项目类型',2),(869,'baseForm.form.get.error','获取数据失败',2),(870,'menu.result.success','成功页',2),(871,'success.result.title','提交结果页用于反馈一系列操作任务的处理结果。',2),(872,'menu.result.messageSuccess','辅导流程提交成功！',2),(873,'menu.result.messageEnd','辅导流程已提交结束！',2),(874,'menu.btn.submit','启动新的辅导',2),(875,'menu.btn.cancel','取消',2),(876,'menu.line.process','当前进度',2),(877,'menu.result.error','失败页',2),(878,'error.result.title','提交结果页用于反馈一系列操作任务的处理结果。',2),(879,'menu.result.messageError','辅导流程提交失败',2),(880,'error.result.home','回到首页',2),(881,'menu.exception.403','403',2),(882,'exception.result.403.description','对不起，您没有访问该资源的权限',2),(883,'exception.result.403.back','返回',2),(884,'exception.result.permissions.403','请联系管理员，申请权限。',2),(885,'menu.exception.404','404',2),(886,'exception.result.404.description','抱歉，页面不见了～',2),(887,'exception.result.404.retry','重试',2),(888,'exception.result.404.back','返回',2),(889,'exception.result.permissions.404','请查看网络连接情况，尝试刷新页面',2),(890,'menu.exception.500','500',2),(891,'exception.result.500.description','抱歉，服务器出了点问题～',2),(892,'exception.result.500.back','返回',2),(893,'exception.result.permissions.500','请查看网络连接情况，尝试刷新页面',2),(894,'menu.user.info','用户中心',2),(895,'userInfo.tab.one','我的计划',2),(896,'userInfo.tab.two','我的任务',2),(897,'userInfo.filter.sort','按时间排序',2),(898,'userInfo.filter.startTime','开始日期',2),(899,'userInfo.filter.endTime','结束日期',2),(900,'userInfo.end.positiveOrder','按截止时间正序',2),(901,'userInfo.end.reverseOrder','按截止时间逆序',2),(902,'userInfo.start.positiveOrder','按开始时间正序',2),(903,'userInfo.start.reverseOrder','按开始时间逆序',2),(904,'userInfo.btn.search','查询',2),(905,'userInfo.btn.reset','重置',2),(906,'userInfo.status.status','状态',2),(907,'userInfo.status.optionA','已完成',2),(908,'userInfo.status.optionB','已逾期',2),(909,'userInfo.status.optionC','即将逾期',2),(910,'userInfo.status.optionD','未完成',2),(911,'userInfo.type.type','类型',2),(912,'userInfo.type.optionA','组织安排',2),(913,'userInfo.type.optionB','阶段计划',2),(914,'userInfo.type.optionC','自主学习',2),(915,'userInfo.table.columnA','计划名称',2),(916,'userInfo.table.columnB','完成时间',2),(917,'userInfo.table.columnC','状态',2),(918,'userInfo.table.columnD','类型',2),(919,'userInfo.week.1','入职2周',2),(920,'userInfo.month.1','入职1个月',2),(921,'userInfo.month.2','入职2个月',2),(922,'userInfo.month.3','入职3个月',2),(923,'userInfo.month.4','入职4个月',2),(924,'userInfo.month.5','入职5个月',2),(925,'userInfo.month.6','入职6个月',2),(926,'userInfo.month.7','入职7个月',2),(927,'userInfo.month.8','入职8个月',2),(928,'userInfo.month.9','入职9个月',2),(929,'userInfo.month.10','入职10个月',2),(930,'userInfo.month.11','入职11个月',2),(931,'userInfo.month.12','入职12个月',2),(932,'userInfo.month.13','入职13个月',2),(933,'userInfo.month.14','入职14个月',2),(934,'userInfo.month.15','入职15个月',2),(935,'userInfo.month.16','入职16个月',2),(936,'userInfo.month.17','入职17个月',2),(937,'userInfo.time.message','结束时间小于开始时间',2),(938,'userInfo.filter.all','请完善当前所有筛选条件',2),(939,'menu.user.setting','用户设置',2),(940,'userSetting.save','保存',2),(941,'userSetting.cancel','取消',2),(942,'userSetting.department','所属部门:',2),(943,'userSetting.position','职位:',2),(944,'userSetting.type','招聘类型:',2),(945,'userSetting.date','试用起止日期:',2),(946,'userSetting.during','试用期时长:',2),(947,'userSetting.startTime','劳动合同开始日期:',2),(948,'userSetting.endTime','劳动合同结束日期:',2),(949,'userSetting.first','开始时间',2),(950,'userSetting.last','结束时间',2),(951,'menu.plan.department','培养部门',2),(952,'menu.plan.resource','人力资源管理部',2),(953,'menu.plan.job','职级',2),(954,'menu.plan.person','人员类型',2),(955,'menu.plan.attribute','业务属性',2),(956,'menu.plan.develop','是否需制定',2),(957,'menu.plan.yes','是',2),(958,'menu.plan.no','否',2),(959,'menu.plan.role','制定角色',2),(960,'menu.plan.mentor','导师',2),(961,'menu.plan.condition','生效条件',2),(962,'menu.plan.approval','直接主管审批',2),(963,'menu.plan.frequency','制定频次',2),(964,'menu.plan.month','按月',2),(965,'menu.plan.goal','目标制定角色',2),(966,'menu.plan.trainees','学员',2),(967,'menu.plan.teacher','导师审批',2),(968,'menu.plan.phase','阶段评价',2),(969,'menu.plan.evaluation','需导师、直接主管评价',2),(970,'menu.plan.whole','整体评价',2),(971,'menu.plan.pool','是否仅从导师资源池选择导师',2),(972,'menu.plan.time','更新时间',2),(973,'menu.plan.version','版本号',2),(974,'menu.plan.operation','操作',2),(975,'menu.plan.updated','更新人',2),(976,'work.mock.employees','转岗员工',2),(977,'work.mock.onboard','新员工上岗',2),(978,'work.mock.Test','测试辅导',2),(979,'work.mock.week1','零促实践(1周)',2),(980,'work.mock.week2','零促实践(2周)',2),(981,'work.mock.week3','零促实践(3周)',2),(982,'work.mock.network','网络实践',2),(983,'work.mock.centralized','新员工集中培训',2),(984,'work.mock.hardware','硬装实践',2),(985,'work.index.learn','学习规划',2),(986,'work.index.coach','学习辅导',2),(987,'work.index.formalization','学习转正',2),(988,'work.index.practiced','学习实践',2),(989,'work.index.train','学习集训',2),(990,'work.index.Inquiry','生活小助手',2),(991,'work.index.Home','新员工之家',2),(992,'work.index.Guide','操作指导',2),(993,'work.index.plans','待制定/确认计划数',2),(994,'work.index.Unfinished','未完成',2),(995,'work.index.beOverdue','即将逾期数',2),(996,'work.index.Overdue','已逾期',2),(997,'work.index.trainees','待启动辅导学员数',2),(998,'work.index.coachNum','辅导中学员数',2),(999,'work.index.allocated','待分配学员数',2),(1000,'work.index.start','待启动实践学员数',2),(1001,'work.index.practice','实践中学员数',2),(1002,'work.index.unpark','待启动转正',2),(1003,'work.index.entered','待录入评价结果',2),(1004,'work.index.approved','待审批评价结果',2),(1005,'work.index.put','实践中学员数',2),(1006,'work.index.assign','待分配学员数',2),(1007,'work.index.prepare','准备开班班级',2),(1008,'work.index.open','开班中班班级',2),(1009,'work.index.classes','待验收班级数',2),(1010,'work.index.policy','政策',2),(1011,'work.index.Period','新员工试用期及培养政策流程',2),(1012,'work.index.Hotline','热线',2),(1013,'work.index.service','各类实用热线服',2),(1014,'work.index.Attendance','考勤',2),(1015,'work.index.FAQs','考勤制度及常见问题答疑',2),(1016,'work.index.Payroll','发薪',2),(1017,'work.index.Tax','发薪纳税问答',2),(1018,'work.index.Brave','勇敢新世界登陆计划',2),(1019,'work.index.Growth','新员工100天成长指南',2),(1020,'work.index.Termbase','术语库',2),(1021,'work.index.lingo','最新最热术语，助您懂行话',2),(1022,'work.index.Library','文档库与社区',2),(1023,'work.index.domain','业务领域知识文档库',2),(1024,'work.index.platform','在线学习平台',2),(1025,'work.index.learning','在线学习',2),(1026,'work.index.Operation','新员工之家操作指导',2),(1027,'work.index.Numbers','个',2),(1028,'work.index.Person','人',2),(1029,'work.index.net','网络',2),(1030,'work.index.netonline','在线咨询',2),(1031,'home.main.one','首屏可见',2),(1032,'home.main.up','页面Onload',2),(1033,'home.main.down','采样PV',2),(1034,'home.main.day','较昨日',2),(1035,'home.curve.trend','性能趋势',2),(1036,'home.curve.play','首屏可见',2),(1037,'home.curve.page','页面Onload',2),(1038,'home.falls.line','加载瀑布流',2),(1039,'home.falls.tcp','TCP链接',2),(1040,'home.falls.ssl','SSL链接',2),(1041,'home.round.title','网络速度分布',2),(1042,'home.round.unknow','未知',2),(1043,'home.roundtable.index','序号',2),(1044,'home.roundtable.space','网络速度',2),(1045,'home.roundtable.pv','采样PV(占比)',2),(1046,'home.roundtable.play','首屏可见',2),(1047,'home.roundtable.page','页面Onload',2),(1048,'home.region.title','地域分布',2),(1049,'menu.cloud.hello','Hello World',2),(1050,'menu.cloud.contracts','合同管理',2),(1051,'menu.cloud.create','创建合同',2),(1052,'menu.cloud.edit','编辑合同',2),(1053,'menu.cloud.del','删除合同',2),(1054,'menu.cloud.name','项目名称:',2),(1055,'menu.cloud.id','合同编号',2),(1056,'menu.cloud.customer','客户名称:',2),(1057,'menu.cloud.description','项目描述:',2),(1058,'menu.cloud.updatedAt','创建时间',2),(1059,'menu.cloud.editOpa','编辑',2),(1060,'menu.cloud.editDel','删除',2),(1061,'menu.cloud.registerErro','项目名称不满足校验规则',2),(1062,'menu.cloud.sure','确认',2),(1063,'menu.cloud.cancel','取消',2),(1064,'menu.cloud.tip','支持汉字、英文、数字、中划线、下划线、点、斜杠、中英文格式下的小括号和冒号、中文格式下的顿号，且只能以英文、汉字和数字开头，3-255个字符。',2),(1065,'menu.cloud.askDel','您确定要删除以下',2),(1066,'menu.cloud.askContracts','合同',2),(1067,'menu.cloud.askInput','输入',2),(1068,'menu.cloud.askSure','确认',2),(1069,'menu.cloud.verification','校验不通过',2),(1070,'menu.cloud.editpass','校验通过, 修改成功',2),(1071,'menu.cloud.delpass','删除成功',2),(1072,'menu.contracts.name','合同名称为:',2),(1073,'http.error.TokenExpire','登录过期，请重新登录',2),(1074,'http.error.UserNotFound','用户不存在',2),(1075,'http.error.UserAlreadyExist','用户已存在',2),(1076,'http.error.InvalidParameter','无效的请求参数',2),(1077,'http.error.InternalError','服务器错误',2),(1078,'http.error.ErrorPassword','账号或密码错误',2),(1079,'menu.allUser.info','查看用户',2),(1080,'userInfo.table.id','ID',2),(1081,'userInfo.table.name','名称',2),(1082,'userInfo.table.email','邮箱',2),(1083,'userInfo.table.department','部门',2),(1084,'userInfo.table.employeeType','招聘类型',2),(1085,'userInfo.table.job','职位',2),(1086,'userInfo.table.probation','试用期',2),(1087,'userInfo.table.probationStart','试用期开始日期',2),(1088,'userInfo.table.probationEnd','试用期结束日期',2),(1089,'userInfo.table.probationDuration','试用期时长',2),(1090,'userInfo.table.protocol','劳动合同',2),(1091,'userInfo.table.protocolStart','劳动合同开始日期',2),(1092,'userInfo.table.protocolEnd','劳动合同结束日期',2),(1093,'userInfo.table.address','地址',2),(1094,'userInfo.table.status','状态',2),(1095,'userInfo.table.createTime','创建时间',2),(1096,'userInfo.table.updateTime','更新时间',2),(1097,'userInfo.table.operations','操作',2),(1098,'userInfo.table.operations.update','修改',2),(1099,'userInfo.table.operations.delete','删除',2),(1100,'userInfo.table.operations.pwdUpdate','密码',2),(1101,'userInfo.day','天',2),(1102,'userInfo.modal.title.pwdUpdate','修改密码',2),(1103,'userInfo.modal.input.oldPassword','旧密码',2),(1104,'userInfo.modal.input.newPassword','新密码',2),(1105,'userInfo.modal.input.confirmNewPassword','确认新密码',2),(1106,'userInfo.modal.message.error','确认新密码错误',2),(1107,'userInfo.modal.message.notNull','密码不能为空',2),(1108,'userInfo.modal.title.add','添加用户',2),(1109,'userInfo.modal.title.update','更新用户',2),(1110,'menu.allUser.setting','用户设置',2),(1111,'userSetting.name','用户名',2),(1112,'userSetting.address','地址',2),(1113,'userSetting.status','状态',2),(1114,'menu.allUser.useradd','添加用户',2),(1115,'userAdd.save','提交',2),(1116,'userAdd.cancel','取消',2),(1117,'userAdd.email','邮箱',2),(1118,'userAdd.password','密码',2),(1119,'userAdd.department','所属部门:',2),(1120,'userAdd.position','职位:',2),(1121,'userAdd.type','招聘类型:',2),(1122,'userAdd.date','试用起止日期:',2),(1123,'userAdd.during','试用期时长:',2),(1124,'userAdd.startTime','劳动合同开始日期:',2),(1125,'userAdd.endTime','劳动合同结束日期:',2),(1126,'userAdd.first','开始时间',2),(1127,'userAdd.last','结束时间',2),(1128,'userAdd.name','用户名',2),(1129,'userAdd.address','地址',2),(1130,'userAdd.status','状态',2),(1131,'menu.allPermission.info','查看权限',2),(1132,'permissionInfo.table.id','ID',2),(1133,'permissionInfo.table.name','名称',2),(1134,'permissionInfo.table.desc','权限描述',2),(1135,'permissionInfo.table.operations','操作',2),(1136,'permissionInfo.table.operations.update','修改',2),(1137,'permissionInfo.table.operations.delete','删除',2),(1138,'permissionInfo.modal.title.update','修改权限',2),(1139,'permissionInfo.modal.title.add','添加权限',2),(1140,'permissionInfo.modal.input.permission','权限描述',2),(1141,'permissionInfo.modal.input.name','权限名称',2),(1142,'permissionInfo.modal.input.id','id',2),(1143,'permissionInfo.modal.message.error','错误',2),(1144,'permissionInfo.modal.message.notNull','不能为空',2),(1145,'menu.allRole.info','查看权限',2),(1146,'roleInfo.table.id','ID',2),(1147,'roleInfo.table.name','名称',2),(1148,'roleInfo.table.desc','权限',2),(1149,'roleInfo.table.menu','菜单',2),(1150,'roleInfo.table.operations','操作',2),(1151,'roleInfo.table.operations.update','修改',2),(1152,'roleInfo.table.operations.delete','删除',2),(1153,'roleInfo.modal.title.update','修改角色',2),(1154,'roleInfo.modal.title.add','添加角色',2),(1155,'roleInfo.modal.input.id','ID',2),(1156,'roleInfo.modal.input.name','名称',2),(1157,'roleInfo.modal.input.desc','权限',2),(1158,'roleInfo.modal.input.menu','菜单',2),(1159,'roleInfo.modal.message.error','错误',2),(1160,'roleInfo.modal.message.notNull','不能为空',2),(1161,'roleInfo.permissionTable.id','ID',2),(1162,'roleInfo.permissionTable.name','权限名称',2),(1163,'roleInfo.permissionTable.desc','权限介绍',2),(1164,'roleInfo.menuUpdate.confirm','确认修改',2),(1165,'roleInfo.menuUpdate.cancel','取消',2),(1166,'roleInfo.table.bind','绑定目录',2),(1167,'menu.allMenu.info','查看菜单',2),(1168,'menuInfo.table.id','ID',2),(1169,'menuInfo.table.name','名称',2),(1170,'menuInfo.table.order','优先级',2),(1171,'menuInfo.table.parentId','父菜单ID',2),(1172,'menuInfo.table.menuType','菜单类型',2),(1173,'menuInfo.table.icon','图标',2),(1174,'menuInfo.table.component','组件',2),(1175,'menuInfo.table.path','路径',2),(1176,'menuInfo.table.locale','国际化',2),(1177,'menuInfo.table.operations','操作',2),(1178,'menuInfo.table.operations.info','查看',2),(1179,'menuInfo.table.operations.update','修改',2),(1180,'menuInfo.table.operations.delete','删除',2),(1181,'menuInfo.modal.title.info','查看菜单',2),(1182,'menuInfo.modal.title.update','修改菜单',2),(1183,'menuInfo.modal.title.add','添加菜单',2),(1184,'menuInfo.modal.message.error','parentId不能和id相同',2),(1185,'menuInfo.modal.message.notNull','不能为空',2),(1186,'menuInfo.modal.tips.upd-id','修改菜单ID前, 请确保前端工程师知晓此事!',2),(1187,'menu.add.demo','菜单Demo页',2),(1188,'exception.result.demo.description','这是一个新增的菜单demo页',2),(1189,'locale.add.btn','添加词条',2),(1190,'locale.add.title','添加词条',2),(1191,'locale.add.key','词条Key',2),(1192,'locale.add.content','词条内容',2),(1193,'locale.add.lang','词条语言',2),(1194,'lang.add.title','语言名称',2),(1195,'lang.add.btn','确认',2),(1196,'lang.manage.btn','管理语言',2),(1197,'locale.add.lang.btn','新增语言',2),(1198,'lang.manage.title','管理语言',2),(1199,'lang.manage.remove','删除',2),(1200,'locale.remove','删除',2),(1201,'component.error','组件错误',2),(1202,'component.error.contact','请联系管理员或重新登录',2);
UNLOCK TABLES;

--
-- Table structure for table `lang`
--

DROP TABLE IF EXISTS `lang`;
CREATE TABLE `lang` (
  `id` int NOT NULL AUTO_INCREMENT,
  `name` varchar(255) NOT NULL,
  PRIMARY KEY (`id`)
) ENGINE=InnoDB AUTO_INCREMENT=3 DEFAULT CHARSET=utf8mb4 COLLATE=utf8mb4_0900_ai_ci;

--
-- Dumping data for table `lang`
--

LOCK TABLES `lang` WRITE;
INSERT INTO `lang` VALUES (1,'enUS'),(2,'zhCN');
UNLOCK TABLES;

--
-- Table structure for table `menu`
--

DROP TABLE IF EXISTS `menu`;
CREATE TABLE `menu` (
  `id` int NOT NULL AUTO_INCREMENT,
  `name` varchar(255) NOT NULL,
  `order` int NOT NULL,
  `parentId` int DEFAULT NULL,
  `menuType` varchar(255) NOT NULL,
  `icon` varchar(255) DEFAULT NULL,
  `component` varchar(255) NOT NULL,
  `path` varchar(255) NOT NULL,
  `locale` varchar(255) NOT NULL,
  PRIMARY KEY (`id`)
) ENGINE=InnoDB AUTO_INCREMENT=32 DEFAULT CHARSET=utf8mb4 COLLATE=utf8mb4_0900_ai_ci;

--
-- Dumping data for table `menu`
--

LOCK TABLES `menu` WRITE;
INSERT INTO `menu` VALUES (1,'Board',1,NULL,'normal','IconApplication','board/index','board','menu.board'),(2,'Home',1,1,'normal','','board/home/index','home','menu.home'),(3,'Work',2,1,'normal','','board/work/index','work','menu.work'),(4,'List',2,NULL,'normal','IconFiles','list/index','list','menu.list'),(5,'Table',1,4,'normal','','list/search-table/index','table','menu.list.searchTable'),(6,'Form',3,NULL,'normal','IconSetting','form/index','form','menu.form'),(7,'Base',1,6,'normal','','form/base/index','base','menu.form.base'),(8,'Step',2,6,'normal','','form/step/index','step','menu.form.step'),(9,'Profile',4,NULL,'normal','IconFiletext','profile/index','profile','menu.profile'),(10,'Detail',1,9,'normal','','profile/detail/index','detail','menu.profile.detail'),(11,'Result',5,NULL,'normal','IconSuccessful','result/index','result','menu.result'),(12,'Success',1,11,'normal','','result/success/index','success','menu.result.success'),(13,'Error',2,11,'normal','','result/error/index','error','menu.result.error'),(14,'Exception',6,NULL,'normal','IconCueL','exception/index','exception','menu.exception'),(15,'403',1,14,'normal','','exception/403/index','403','menu.exception.403'),(16,'404',2,14,'normal','','exception/404/index','404','menu.exception.404'),(17,'500',1,14,'normal','','exception/500/index','500','menu.exception.500'),(18,'User',7,NULL,'normal','IconUser','user/index','user','menu.user'),(19,'Info',1,18,'normal','','user/info/index','info','menu.user.info'),(20,'Cloud',8,NULL,'normal','IconDownloadCloud','cloud/index','cloud','menu.cloud'),(21,'Hello',1,20,'normal','','cloud/hello/index','hello','menu.cloud.hello'),(22,'Contracts',2,20,'normal','','cloud/contracts/index','contracts','menu.cloud.contracts'),(23,'MenuPage',9,NULL,'normal','IconApp','menu/index','menuPage','menu.menuPage'),(24,'SecondMenu',1,23,'normal','','menu/index','secondMenu','menu.menuPage.second'),(25,'ThirdMenu',1,24,'normal','','menu/demo/index','thirdMenu','menu.menuPage.third'),(26,'SystemManager',10,NULL,'normal','IconTotal','menu/index','','menu.systemManager'),(27,'AllMenu',1,26,'admin','IconGrade','menu/info/index','menu/allMenu','menu.menu.info'),(28,'AllPermission',1,26,'admin','IconFolderOpened','permission/info/index','permission/allPermission','menu.permission.info'),(29,'AllRole',1,26,'admin','IconActivation','role/info/index','role/allRole','menu.role.info'),(30,'AllInfo',1,26,'admin','IconGroup','userManager/info/index','userManager/allInfo','menu.userManager.info'),(31,'Local',14,26,'','IconFlag','locale/index','locale','menu.i18n');
UNLOCK TABLES;

--
-- Table structure for table `permission`
--

DROP TABLE IF EXISTS `permission`;
CREATE TABLE `permission` (
  `id` int NOT NULL AUTO_INCREMENT,
  `desc` varchar(255) NOT NULL,
  `name` varchar(255) NOT NULL,
  PRIMARY KEY (`id`)
) ENGINE=InnoDB AUTO_INCREMENT=27 DEFAULT CHARSET=utf8mb4 COLLATE=utf8mb4_0900_ai_ci;

--
-- Dumping data for table `permission`
--

LOCK TABLES `permission` WRITE;
INSERT INTO `permission` VALUES (1,'super permission','*'),(2,'','user::add'),(3,'','role::remove'),(4,'','user::update'),(5,'','permission::update'),(6,'','role::update'),(7,'','role::add'),(8,'','user::password::force-update'),(9,'','user::remove'),(10,'','permission::get'),(11,'','user::query'),(12,'','permission::remove'),(13,'','permission::add'),(14,'','role::query'),(15,'','menu::add'),(16,'','lang::remove'),(17,'','menu::remove'),(18,'','i18n::update'),(19,'','menu::update'),(20,'','menu::query'),(21,'','i18n::add'),(22,'','lang::add'),(23,'','i18n::query'),(24,'','i18n::remove'),(25,'','lang::update'),(26,'','lang::query');
UNLOCK TABLES;

--
-- Table structure for table `role`
--

DROP TABLE IF EXISTS `role`;
CREATE TABLE `role` (
  `id` int NOT NULL AUTO_INCREMENT,
  `name` varchar(255) NOT NULL,
  PRIMARY KEY (`id`)
) ENGINE=InnoDB AUTO_INCREMENT=2 DEFAULT CHARSET=utf8mb4 COLLATE=utf8mb4_0900_ai_ci;

--
-- Dumping data for table `role`
--

LOCK TABLES `role` WRITE;
INSERT INTO `role` VALUES (1,'admin');
UNLOCK TABLES;

--
-- Table structure for table `role_menu`
--

DROP TABLE IF EXISTS `role_menu`;
CREATE TABLE `role_menu` (
  `roleId` int NOT NULL,
  `menuId` int NOT NULL,
  PRIMARY KEY (`roleId`,`menuId`),
  KEY `IDX_4a57845f090fb832eeac3e3486` (`roleId`),
  KEY `IDX_ed7dbf72cc845b0c9150a67851` (`menuId`),
  CONSTRAINT `FK_4a57845f090fb832eeac3e34860` FOREIGN KEY (`roleId`) REFERENCES `role` (`id`) ON DELETE CASCADE ON UPDATE CASCADE,
  CONSTRAINT `FK_ed7dbf72cc845b0c9150a678512` FOREIGN KEY (`menuId`) REFERENCES `menu` (`id`) ON DELETE CASCADE ON UPDATE CASCADE
) ENGINE=InnoDB DEFAULT CHARSET=utf8mb4 COLLATE=utf8mb4_0900_ai_ci;

--
-- Dumping data for table `role_menu`
--

LOCK TABLES `role_menu` WRITE;
INSERT INTO `role_menu` VALUES (1,1),(1,2),(1,3),(1,4),(1,5),(1,6),(1,7),(1,8),(1,9),(1,10),(1,11),(1,12),(1,13),(1,14),(1,15),(1,16),(1,17),(1,18),(1,19),(1,20),(1,21),(1,22),(1,23),(1,24),(1,25),(1,26),(1,27),(1,28),(1,29),(1,30),(1,31);
UNLOCK TABLES;

--
-- Table structure for table `role_permission`
--

DROP TABLE IF EXISTS `role_permission`;
CREATE TABLE `role_permission` (
  `roleId` int NOT NULL,
  `permissionId` int NOT NULL,
  PRIMARY KEY (`roleId`,`permissionId`),
  KEY `IDX_e3130a39c1e4a740d044e68573` (`roleId`),
  KEY `IDX_72e80be86cab0e93e67ed1a7a9` (`permissionId`),
  CONSTRAINT `FK_72e80be86cab0e93e67ed1a7a9a` FOREIGN KEY (`permissionId`) REFERENCES `permission` (`id`) ON DELETE CASCADE ON UPDATE CASCADE,
  CONSTRAINT `FK_e3130a39c1e4a740d044e685730` FOREIGN KEY (`roleId`) REFERENCES `role` (`id`) ON DELETE CASCADE ON UPDATE CASCADE
) ENGINE=InnoDB DEFAULT CHARSET=utf8mb4 COLLATE=utf8mb4_0900_ai_ci;

--
-- Dumping data for table `role_permission`
--

LOCK TABLES `role_permission` WRITE;
INSERT INTO `role_permission` VALUES (1,1);
UNLOCK TABLES;

--
-- Table structure for table `user`
--

DROP TABLE IF EXISTS `user`;
CREATE TABLE `user` (
  `id` int NOT NULL AUTO_INCREMENT,
  `name` varchar(255) NOT NULL,
  `email` varchar(255) NOT NULL,
  `password` varchar(255) NOT NULL,
  `department` varchar(255) DEFAULT NULL,
  `employeeType` varchar(255) DEFAULT NULL,
  `probationStart` timestamp NULL DEFAULT NULL,
  `probationEnd` timestamp NULL DEFAULT NULL,
  `probationDuration` varchar(255) DEFAULT NULL,
  `protocolStart` timestamp NULL DEFAULT NULL,
  `protocolEnd` timestamp NULL DEFAULT NULL,
  `address` varchar(255) DEFAULT NULL,
  `status` int DEFAULT NULL,
  `createTime` datetime(6) NOT NULL DEFAULT CURRENT_TIMESTAMP(6),
  `updateTime` datetime(6) NOT NULL DEFAULT CURRENT_TIMESTAMP(6) ON UPDATE CURRENT_TIMESTAMP(6),
  `create_time` timestamp NOT NULL DEFAULT CURRENT_TIMESTAMP,
  `salt` varchar(255) DEFAULT NULL,
  `update_time` timestamp NOT NULL DEFAULT CURRENT_TIMESTAMP,
  PRIMARY KEY (`id`)
) ENGINE=InnoDB AUTO_INCREMENT=2 DEFAULT CHARSET=utf8mb4 COLLATE=utf8mb4_0900_ai_ci;

--
-- Dumping data for table `user`
--

LOCK TABLES `user` WRITE;
INSERT INTO `user` VALUES (1,'admin','admin@no-reply.com','1518fccbc39cb3adfd50e016da365992c1ed',NULL,NULL,NULL,NULL,NULL,NULL,NULL,NULL,1,'2024-12-13 05:22:23.349782','2024-12-13 05:22:23.349782','2024-12-12 21:22:23','3Iq/fQ==','2024-12-12 21:22:23');
UNLOCK TABLES;

--
-- Table structure for table `user_role`
--

DROP TABLE IF EXISTS `user_role`;
CREATE TABLE `user_role` (
  `userId` int NOT NULL,
  `roleId` int NOT NULL,
  PRIMARY KEY (`userId`,`roleId`),
  KEY `IDX_ab40a6f0cd7d3ebfcce082131f` (`userId`),
  KEY `IDX_dba55ed826ef26b5b22bd39409` (`roleId`),
  CONSTRAINT `FK_ab40a6f0cd7d3ebfcce082131fd` FOREIGN KEY (`userId`) REFERENCES `user` (`id`) ON DELETE CASCADE ON UPDATE CASCADE,
  CONSTRAINT `FK_dba55ed826ef26b5b22bd39409b` FOREIGN KEY (`roleId`) REFERENCES `role` (`id`) ON DELETE CASCADE ON UPDATE CASCADE
) ENGINE=InnoDB DEFAULT CHARSET=utf8mb4 COLLATE=utf8mb4_0900_ai_ci;

--
-- Dumping data for table `user_role`
--

LOCK TABLES `user_role` WRITE;
INSERT INTO `user_role` VALUES (1,1);
UNLOCK TABLES;

SET FOREIGN_KEY_CHECKS = 1;

COMMIT;

---- good luck with your nestjs app ----
